交易日期,產品名稱,加權平均價(元/公斤),總交易量(公斤)
2026/10/10,九層塔,35.2,326.0
2026/10/10,其他,61.3,173.0
2026/10/10,冬瓜 白皮,9.0,1604.0
2026/10/10,包心白菜 包 白,8.9,1243.0
2026/10/10,包心白菜 進口其他,17.5,200.0
2026/10/10,包心白菜 進口包頭蓮,36.3,2035.0
2026/10/10,南瓜 其他,10.0,6.0
2026/10/10,南瓜 圓形,19.0,40.0
2026/10/10,南瓜 木瓜型阿嬌,20.9,440.0
2026/10/10,南瓜 木瓜型阿成,16.6,2686.0
2026/10/10,南瓜 東昇,14.4,133.0
2026/10/10,南瓜 栗子小黑,22.1,1254.0
2026/10/10,南瓜 粟子,19.4,381.0
2026/10/10,南瓜 青如意,45.4,2565.0
2026/10/10,大蒜 蒜  瓣,87.1,101.0
2026/10/10,大蒜 蒜頭,63.3,18.0
2026/10/10,大蒜 軟梗,261.0,116.0
2026/10/10,小白菜 其他,9.2,195.0
2026/10/10,小白菜 土白菜,11.8,500.0
2026/10/10,小白菜 奶油白,32.5,362.0
2026/10/10,小白菜 蚵仔白,12.2,1467.0
2026/10/10,巴西利,185.0,40.0
2026/10/10,扁蒲 梨子蒲,12.4,100.0
2026/10/10,扁蒲 花蒲,10.4,550.0
2026/10/10,敏豆 白豆,94.7,799.0
2026/10/10,敏豆 醜豆,91.3,285.0
2026/10/10,油菜,7.6,2330.0
2026/10/10,洋蔥 本產,9.4,912.0
2026/10/10,洋蔥 進口,21.3,1592.0
2026/10/10,玉米 玉米筍,11.7,30.0
2026/10/10,玉米 玉米筍帶殼,21.5,613.0
2026/10/10,玉米 甜軟殼,9.8,2845.0
2026/10/10,玉米 白龍王,53.6,175.0
2026/10/10,玉米 糯米黑,14.9,920.0
2026/10/10,玉米 進口玉米筍,6.0,80.0
2026/10/10,甘藍 初秋,30.5,5210.0
2026/10/10,甘藍 甘藍心,60.0,21.0
2026/10/10,甘藍 紫色,10.0,20.0
2026/10/10,甘藍 進口,24.7,765.0
2026/10/10,甘藍 進口初秋,36.8,2400.0
2026/10/10,甘藷 其  他,15.0,75.0
2026/10/10,甘藷 臺農57號,17.7,1803.0
2026/10/10,甘藷 臺農66號,10.9,2150.0
2026/10/10,甘藷葉,18.0,1616.0
2026/10/10,甜椒 彩色種,10.0,20.0
2026/10/10,甜椒 彩色種紅色,53.3,360.0
2026/10/10,甜椒 彩色種黃色,62.9,180.0
2026/10/10,甜椒 新香,59.2,36.0
2026/10/10,甜椒 進口彩色種,15.0,10.0
2026/10/10,甜椒 青椒,54.6,1355.0
2026/10/10,番茄 牛番茄,95.420767,2557.0
2026/10/10,皇宮菜 小葉,35.3,158.0
2026/10/10,竹筍 烏殼綠,48.0,420.0
2026/10/10,絲瓜,29.165774,12771.0
2026/10/10,絲瓜 其他,22.0,18.0
2026/10/10,絲瓜 角瓜,96.9,190.0
2026/10/10,胡瓜 黑刺,34.0,1475.0
2026/10/10,胡蘿蔔 未洗,16.0,99.0
2026/10/10,胡蘿蔔 清洗,21.37193,5700.0
2026/10/10,芋 檳榔心芋,45.0,96.0
2026/10/10,芋 芋角,60.0,72.0
2026/10/10,芥菜 大芥菜,13.8,456.0
2026/10/10,芥菜 小芥菜,27.3,120.0
2026/10/10,芥藍菜,20.5,196.0
2026/10/10,芥藍菜 芥藍芽,59.5,829.0
2026/10/10,芫荽,32.5,144.0
2026/10/10,花椰菜 進口,38.0,66.0
2026/10/10,花椰菜 青梗,33.0,814.0
2026/10/10,花胡瓜,46.420367,2671.0
2026/10/10,花胡瓜 其他,96.4,66.0
2026/10/10,芹菜 白梗,34.8,700.0
2026/10/10,芹菜 進口,19.0,320.0
2026/10/10,苦瓜 山苦瓜,52.0,20.0
2026/10/10,苦瓜 白大米,51.0,776.0
2026/10/10,苦瓜 翠綠,37.1,220.0
2026/10/10,苦瓜 青大米,36.0,30.0
2026/10/10,茄子 日本種,25.0,12.0
2026/10/10,茄子 麻荸茄,24.2,2292.0
2026/10/10,茭白筍 去殼,91.7,279.0
2026/10/10,茭白筍 帶殼,51.4,420.0
2026/10/10,莧菜 白莧菜,15.7,212.0
2026/10/10,菠菜 角葉,70.8,1040.0
2026/10/10,萵苣菜 其  他,50.0,10.0
2026/10/10,萵苣菜 廣東萵,55.0,200.0
2026/10/10,萵苣菜 本島圓葉,49.3,140.0
2026/10/10,萵苣菜 油麥菜,24.2,3360.0
2026/10/10,萵苣菜 紅捲,35.0,100.0
2026/10/10,萵苣菜 結球萵,72.0,30.0
2026/10/10,萵苣菜 綠捲,29.3,105.0
2026/10/10,萵苣菜 蘿美,37.0,20.0
2026/10/10,萵苣菜 進口結球萵,21.8,706.0
2026/10/10,萵苣菜 進口蘿美,97.1,56.0
2026/10/10,蓮藕,16.5,180.0
2026/10/10,蕹菜 小葉,18.2,589.0
2026/10/10,薑 嫩薑,43.8,95.0
2026/10/10,薑 粉薑,41.0,486.0
2026/10/10,薯蕷 白薯蕷,76.7,389.0
2026/10/10,薯蕷 白薯蕷人參,62.0,25.0
2026/10/10,薯蕷 進口,20.0,50.0
2026/10/10,蘆筍 進口綠蘆筍,170.0,13.0
2026/10/10,蘿蔔 櫻  桃,98.8,40.0
2026/10/10,蘿蔔 甜菜根,8.0,20.0
2026/10/10,蘿蔔 矸仔,7.4,2125.0
2026/10/10,蘿蔔 進口,11.5,4765.0
2026/10/10,豆薯,24.5,100.0
2026/10/10,辣椒 朝天椒,118.9,35.0
2026/10/10,辣椒 糯米椒,101.3,240.0
2026/10/10,辣椒 紅小,62.9,184.0
2026/10/10,辣椒 進口朝天椒,19.7,285.0
2026/10/10,金絲菇,12.0,15.0
2026/10/10,隼人瓜,8.6,643.0
2026/10/10,青江白菜 小梗,19.5,1469.0
2026/10/10,青花苔 進口,48.7,3387.0
2026/10/10,青花苔 青花筍,100.0,23.0
2026/10/10,青蔥 粉  蔥,52.3,1332.0
2026/10/10,韭菜 韭菜花,90.0,15.0
2026/10/10,馬鈴薯 本產,25.3,936.0
2026/10/10,馬鈴薯 進口,16.4,1290.0
2026/10/10,黃秋葵,52.7,628.0
