產品名稱,預測明日菜價(元/公斤)
九層塔,25.25
其他,69.97
其他菇類,54.8
冬瓜,16.43
包心白菜,18.47
南瓜,50.92
大心菜,7.87
大蒜,78.0
小白菜,8.79
巴西利,75.46
扁蒲,7.18
敏豆,61.73
晚香玉筍,72.75
杏鮑菇,40.46
毛豆,11.13
油菜,8.55
洋菇,16.96
洋蔥,19.14
洛神花,15.5
濕木耳,57.82
濕香菇,83.22
熟筍,80.53
牛蒡,17.2
玉米,11.0
珊瑚菇,10.35
球莖甘藍,22.96
甘藍,28.74
甘藷,8.47
甘藷葉,12.71
甜椒,71.93
番茄,74.12
百合,155.62
皇宮菜,18.01
石蓮花,57.37
秀珍菇,28.29
竹筍,30.35
紅鳳菜,36.34
絲瓜,20.18
胡瓜,32.64
胡蘿蔔,18.94
芋,20.2
芥菜,19.81
芥藍菜,34.33
芫荽,45.41
花椰菜,40.58
花胡瓜,35.6
花豆,80.46
芹菜,53.56
苦瓜,40.79
茄子,39.16
茭白筍,72.48
茴香,37.36
茼蒿,13.36
莧菜,11.37
菜豆,35.78
菠菜,66.39
菾菜,9.42
萊豆,77.28
萵苣莖,13.47
萵苣菜,17.71
落花生,39.64
蓮藕,22.23
蕨菜,43.72
蕹菜,15.11
薑,75.08
薯蕷,82.51
蘆筍,225.72
蘿蔔,14.1
虎豆,83.33
蠔菇,45.55
豆薯,26.53
豌豆,35.96
越瓜,11.78
辣椒,91.71
金絲菇,14.86
隼人瓜,12.25
青江白菜,9.46
青花苔,59.02
青蔥,53.08
韭菜,99.08
香茅,25.79
馬鈴薯,20.31
鵲豆,33.2
黃秋葵,40.79
